{
    "latent_dim": 64,
    "hidden_dim": 512,
    "dropout": 0.00431262498289598,
    "lr": 0.00015346582907785702
}