{
    "latent_dim": 64,
    "hidden_dim": 512,
    "dropout": 0.0008850701645635728,
    "lr": 0.00011025375886597692
}